 ,Area,Mean,Min,Max,Angle,Length,Angle Normalized
1,0.844,184.779,162.44,209.437,-22.443,11.208,157.557
2,0.956,215.218,150.669,243,-3.724,12.675,176.276
3,1.108,195.654,187.116,206.031,-40.855,14.713,139.145
4,1.052,210.505,171.011,243,-25.185,13.913,154.815
5,0.906,205.526,159.935,240.861,-28.156,12.035,151.844
6,0.793,164.469,143,191.561,-26.748,10.532,153.252
7,0.872,199.813,173.673,239.83,47.626,11.536,47.626
8,1.029,199.976,152.004,243,48.784,13.674,48.784
9,1.08,215.561,151.284,243,-83.991,14.334,96.009
10,0.928,219.209,169.827,243,-84.046,12.269,95.954
11,0.731,219.76,186.626,242.796,-35.538,9.643,144.462
12,0.726,163.493,123.99,214.502,53.842,9.62,53.842
13,1.041,185.166,75.084,242.538,55.187,13.8,55.187
14,0.675,173.973,125.688,236.005,53.514,8.93,53.514
15,1.057,167.762,110.197,210.192,2.132,14.061,2.132
16,1.249,166.806,103.372,225.083,-1.037,16.553,178.963
17,0.894,202.395,136.338,243,5.782,11.866,5.782
18,0.754,162.774,141.591,217.915,-0.862,10.001,179.138
19,0.861,213.233,153.967,243,-80.91,11.435,99.09
20,0.939,220.242,188.442,242.707,-80.991,12.446,99.009
21,1.029,175.727,118.05,242.679,-15.338,13.634,164.662
22,1.018,212.613,154.168,243,-16.032,13.516,163.968
23,0.844,220.053,188.973,242.419,-66.701,11.154,113.299
24,0.675,224.806,193.222,243,-66.038,8.93,113.962
25,0.776,217.102,172.643,242.866,-80.331,10.25,99.669
26,0.962,209.765,129.287,243,-85.627,12.739,94.373
27,0.934,220.019,175.169,243,-88.254,12.356,91.746
28,0.928,208.528,149.613,242.675,-21.413,12.331,158.587
29,1.046,210.438,157.584,242.792,-19.612,13.854,160.388
30,0.866,172.502,135.843,233.688,-105.124,11.498,74.876
31,0.922,190.057,145.67,240.541,-108.546,12.238,71.454
32,0.883,204.652,119.481,243,-5.128,11.702,174.872
33,1.041,194.145,103.742,243,-10.333,13.779,169.667
34,1.114,212.607,154.943,242.834,-87.675,14.762,92.325
35,1.344,207.844,136.297,243,-18.359,17.851,161.641
36,1.029,217.352,192.56,242.396,-41.66,13.669,138.34
37,0.838,223.954,190.612,243,-113.607,11.083,66.393
38,0.883,219.842,187.639,243,-113.776,11.687,66.224
39,1.063,207.346,121.65,243,-100.414,14.092,79.586
40,1.001,213.187,184.917,240.702,-36.027,13.282,143.973
41,0.973,217.11,186.425,243,-26.862,12.88,153.138
42,0.928,218.463,188.488,242.547,-37.291,12.28,142.709
43,0.832,220.583,148.067,243,-37.025,11.03,142.975
44,0.855,200.761,145.415,241.507,-32.326,11.347,147.674
45,0.776,177.032,47.84,202.364,-45.891,10.254,134.109
46,0.866,211.446,178.886,231.578,-37.02,11.46,142.98
47,0.872,208.107,183.482,242.008,-39.758,11.575,140.242
48,0.827,214,99.644,243,-41.406,10.983,138.594
49,0.866,209.748,153.437,242.666,-81.764,11.512,98.236
50,0.99,213.602,114.965,242.906,-82.427,13.111,97.573
51,1.153,207.753,142.226,243,2.82,15.266,2.82
52,1.333,223.465,192.504,243,7.787,17.664,7.787
53,0.765,218.458,189.181,242.618,-49.49,10.141,130.51
54,0.692,208.901,66.058,243,-48.991,9.182,131.009
55,0.776,199.707,76.861,242.75,25.246,10.243,25.246
56,0.934,169.682,116.925,233.243,25.017,12.369,25.017
57,1.035,157.098,103.524,240.93,26.565,13.73,26.565
58,0.906,191.322,141.451,238.118,61.991,11.988,61.991
59,1.108,201.72,131.932,242.395,-87.955,14.709,92.045
60,0.697,185.273,7.902,237.464,-89.068,9.201,90.932
61,0.861,216.497,162.201,242.849,-84.703,11.398,95.297
62,0.709,192.758,73.656,241.278,-88.152,9.355,91.848
63,0.827,214.202,189.953,243,-40.006,10.966,139.994
64,0.816,219.671,188.528,243,-37.979,10.832,142.021
65,0.9,211.959,123.97,242.566,-32.692,11.9,147.308
66,1.136,219.915,182.564,243,1.14,15.053,1.14
67,1.057,222.833,190.508,243,-6.442,14.041,173.558
68,0.838,193.258,138.958,242.755,-104.41,11.109,75.59
69,0.956,211.935,98.447,243,-90,12.7,90
70,0.9,207.144,172.312,243,-117.051,11.919,62.949
71,0.962,217.774,174.159,243,-118.072,12.75,61.928
72,0.922,198.846,139.991,240.684,-65.323,12.216,114.677
73,1.232,205.429,146.099,242.648,-58.856,16.378,121.144
74,1.052,188.788,65.093,243,-5.528,13.97,174.472
75,1.226,137.448,55.541,242.859,-4.236,16.244,175.764
76,0.703,199.924,152.361,243,-43.025,9.267,136.975
77,0.793,197.191,124.905,243,-27.854,10.468,152.146
78,1.012,198.476,125.155,242.593,-61.721,13.424,118.279
79,0.911,217.527,172.156,243,72.688,12.098,72.688
80,1.012,182.397,112.298,240.95,70.755,13.41,70.755
81,0.973,207.659,104,243,-3.681,12.878,176.319
82,1.08,180.387,97.375,242.799,0.905,14.301,0.905
83,0.821,210.485,162.583,243,-68.199,10.9,111.801
84,0.889,201.209,147.981,242.695,-61.477,11.768,118.523
85,0.793,200.78,121.102,243,-78.851,10.502,101.149
86,0.996,161.661,91.416,243,-129.015,13.189,50.985
87,0.967,213.623,186.998,243,-22.671,12.796,157.329
88,0.962,221.38,178.837,242.816,-31.541,12.752,148.459
89,0.996,212.838,154.102,243,-73.831,13.18,106.169
90,0.9,175.973,73.521,243,41.424,11.938,41.424
91,0.877,173.404,69.103,243,42.647,11.641,42.647
92,0.906,193.04,83.444,243,-26.405,12.008,153.595
93,0.81,201.522,130.784,243,-1.193,10.753,178.807
94,0.99,180.968,82.416,233.35,-143.13,13.14,36.87
95,0.883,199.521,108.436,243,-85.967,11.727,94.033
96,0.973,203.103,128.333,243,-14.845,12.928,165.155
97,1.221,150.397,44.191,242.025,40.687,16.199,40.687
98,0.996,160.333,64.182,243,42.23,13.171,42.23
99,1.254,183.754,81.377,242.267,22.759,16.67,22.759
100,1.361,184.134,105.589,242.747,-24.326,18.058,155.674
101,1.254,204.828,87.907,243,24.487,16.668,24.487
102,1.17,204.506,142.804,243,45.978,15.523,45.978
103,0.512,196.293,89.268,242.185,19.44,6.754,19.44
104,0.861,199.116,120.798,242.621,57.355,11.401,57.355
105,1.209,201.793,102.246,243,-103.517,16.056,76.483
106,0.877,189.212,90.415,242.738,84.472,11.657,84.472
107,0.799,198.376,0,242.948,-45.288,10.571,134.712
108,0.951,200.629,116.851,243,-39.674,12.573,140.326
109,0.849,193.634,104.174,243,-25.71,11.226,154.29
110,1.125,209.602,88.646,242.869,-72.749,14.929,107.251
111,1.131,177.387,45.048,243,-140.67,14.994,39.33
112,1.215,206.646,0,243,-160.56,16.161,19.44
113,1.209,195.584,95.397,243,-106.827,16.053,73.173
114,1.018,166.901,68.902,240.432,47.941,13.487,47.941
115,1.114,213.654,170.115,243,-67.335,14.773,112.665
116,0.922,201.462,161.257,243,65.004,12.212,65.004
117,1.086,214.611,171.208,243,58.627,14.38,58.627
118,1.17,222.777,192.167,243,12.288,15.505,12.288
119,1.063,218.063,193.024,243,-54.958,14.107,125.042
120,0.877,217.799,196.636,243,-52.093,11.597,127.907
121,1.153,225.529,200.173,243,-62.176,15.265,117.824
122,1.159,223.342,199.241,243,11.802,15.401,11.802
123,1.356,226.333,202.193,243,18.737,17.978,18.737
124,1.102,218.862,197.953,243,-52.485,14.656,127.515
125,1.192,220.367,195.832,243,-53.076,15.855,126.924
126,0.939,222.989,196.278,243,-53.061,12.48,126.939
127,1.119,227.476,205.948,243,17.977,14.824,17.977
128,0.652,228.149,209.964,243,16.699,8.613,16.699
129,1.243,179.471,166.255,192.533,-35.205,16.522,144.795
130,1.243,183.748,168.344,241.955,-34.992,16.479,145.008
131,1.125,217.132,185.176,243,57.507,14.939,57.507
132,1.423,214.442,174.959,243,55.176,18.912,55.176
133,1.012,210.076,180.315,243,55.689,13.438,55.689
134,1.361,217.743,183.998,243,-97.861,18.095,82.139
135,1.479,163.173,127.813,237.136,-97.233,19.656,82.767
136,1.479,222.986,190.707,243,-97.233,19.656,82.767
137,1.187,151.766,128.962,239.485,-20.588,15.783,159.412
138,1.232,156.733,122.435,211.628,-21.509,16.365,158.491
139,0.821,215.751,183.205,243,-23.923,10.912,156.077
140,1.423,110.259,82.684,166.759,-95.914,18.926,84.086
141,0.951,147.267,95,243,-93.746,12.627,86.254
142,0.832,153.73,84.857,243,36.17,11.056,36.17
143,1.035,146.04,122.219,211.336,-61.614,13.725,118.386
144,1.119,169.793,145.987,222.734,-58.639,14.844,121.361
145,1.097,167.16,130.526,240.092,-61.719,14.563,118.281
146,1.097,167.16,130.526,240.092,-61.719,14.563,118.281
147,1.294,116.42,78.506,193.161,-5.262,17.172,174.738
148,1.339,91.238,68.283,243,2.657,17.794,2.657
149,1.007,125.932,97.306,198.253,-51.843,13.353,128.157
150,0.607,143.815,96.738,241.406,-50.332,7.99,129.668
151,1.372,87.233,61.37,223.029,-55.917,18.202,124.083
152,1.232,128.797,87.032,243,2.889,16.371,2.889
153,1.209,108.781,85.227,231.14,7.524,16.038,7.524
154,1.018,140.674,94.044,219.889,-3.497,13.525,176.503
155,0.99,119.817,94.12,243,-2.291,13.135,177.709
156,1.316,147.346,116.893,243,-93.439,17.507,86.561
157,1.288,155.822,101.667,225.193,-89.749,17.1,90.251
158,1.226,137.404,79.342,236.567,-68.981,16.31,111.019
159,1.575,142.085,101.711,233.615,-14.534,20.919,165.466
160,1.035,175.392,114.528,233.676,-19.822,13.712,160.178
161,1.243,149.062,129.455,235.611,-78.486,16.533,101.514
162,1.417,154.542,112.601,236.202,26.973,18.851,26.973
163,1.401,213.868,170.195,243,28.426,18.592,28.426
164,1.333,141.09,93.319,220.908,69.416,17.705,69.416
165,1.536,139.798,98,243,59.941,20.364,59.941
166,1.187,116.768,84.6,230.56,-20.333,15.757,159.667
167,1.052,212.848,158.617,243,-19.116,13.97,160.884
168,1.271,221.763,191.567,243,-61.044,16.886,118.956
169,1.007,221.408,182.966,243,-62.286,13.386,117.714
170,1.361,212.051,173.437,243,-54.794,18.083,125.206
171,1.192,228.356,180.256,243,-27.051,15.832,152.949
172,1.339,197.738,183.979,231.977,-22.341,17.758,157.659
173,0.956,204.632,143.793,243,-91.017,12.677,88.983
174,1.114,188.55,130.477,243,-60.183,14.782,119.817
175,0.973,203.754,125.022,243,-128.4,12.92,51.6
176,1.147,200.635,142.643,243,-153.435,15.261,26.565
177,1.052,202.923,116.818,243,-24.775,13.96,155.225
178,0.81,196.957,128.538,243,-15.396,10.735,164.604
179,0.872,203.614,135.609,243,11.602,11.561,11.602
180,0.776,193.879,124.602,243,34.271,10.256,34.271
181,0.984,156.18,41.09,243,-10.599,13.048,169.401
182,1.147,209.689,156.3,243,-0.564,15.226,179.436
183,1.007,136.931,59.9,234.961,-78.69,13.385,101.31
184,0.681,100.701,67.05,219.75,-67.932,8.983,112.068
185,1.074,188.065,179,241.533,-47.137,14.223,132.863
186,0.962,222.991,205.203,243,-50.497,12.733,129.503
187,1.727,210.401,166.73,243,41.028,22.965,41.028
188,0.866,212.098,152.536,243,39.71,11.504,39.71
189,0.911,202.676,157.46,243,42.99,12.099,42.99
190,0.956,215.847,164.202,243,54.897,12.651,54.897
191,0.99,220.343,190.707,243,-76.441,13.116,103.559
192,1.024,214.203,151.137,243,29.116,13.564,29.116
193,1.232,218.345,127.773,243,20.925,16.38,20.925
194,1.198,215.987,118.548,243,-133.854,15.913,46.146
195,1.215,182.926,0,216.04,-48.588,16.101,131.412
196,1.041,222.544,112.543,243,-66.353,13.837,113.647
197,1.131,209.396,113.918,243,-60.362,15.014,119.638
198,0.861,218.604,190.901,243,-36.719,11.415,143.281
199,1.181,223.099,170.656,243,102.974,15.701,102.974
200,1.423,213.185,171.874,243,23.616,18.909,23.616
201,1.119,224.16,200.556,243,19.81,14.827,19.81
202,1.153,206.78,126.088,243,-66.58,15.284,113.42
203,1.024,200.35,126.485,243,-57.894,13.547,122.106
204,1.041,216.575,148.109,243,-59.946,13.777,120.054
205,1.451,198.738,108.72,243,-132.949,19.263,47.051
206,0.686,199.874,119.133,242.606,-28.269,9.059,151.731
207,0.607,109.028,27,192,-53.344,8.04,126.656
208,0.962,200.377,38.859,238.169,41.689,12.785,41.689
209,0.967,211.083,86.574,243,83.29,12.832,83.29
210,1.136,190.542,139.534,243,-47.42,15.112,132.58
211,1.097,209.294,147.222,243,-27.621,14.559,152.379
212,1.08,195.435,103.291,243,23.871,14.306,23.871
213,1.389,227.264,198.621,242.885,-87.44,18.467,92.56
214,0.844,218.774,182.217,243,-86.543,11.172,93.457
215,1.299,214.409,56.426,243,-91.245,17.254,88.755
216,0.911,196.254,153.576,243,-30.719,12.039,149.281
217,0.956,220.164,186.418,243,5.44,12.657,5.44
218,1.08,182.77,133.324,227.59,1.79,14.357,1.79
219,1.041,187.72,142.505,230.126,1.245,13.803,1.245
220,0.866,163.537,131.682,233.948,-71.328,11.464,108.672
221,1.237,198.809,133.875,242.806,-15.622,16.415,164.378
222,1.097,168.313,143.526,230.909,-77.471,14.556,102.529
223,0.956,181.615,130.631,242.528,53.401,12.69,53.401
224,1.097,170.639,117.027,237.401,28.281,14.585,28.281
225,0.81,165.419,103.152,236.048,35.584,10.712,35.584
226,1.294,183.943,88.362,242.579,-4.764,17.161,175.236
227,1.057,189.771,100.631,239.094,-7.049,14.01,172.951
228,1.327,209.57,144.778,243,-11.788,17.632,168.212
229,1.102,205.037,159.19,242.092,-52.306,14.612,127.694
230,1.153,209.891,134.399,243,-57.4,15.286,122.6
231,0.922,183.142,133.22,240.092,-59.338,12.194,120.662
232,1.029,207.641,135.31,242.57,-62.447,13.621,117.553
233,0.709,215.36,185.019,242.824,-35.218,9.352,144.782
234,0.737,221.867,197.846,240.845,-48.731,9.746,131.269
235,0.81,219.99,189.111,243,-90.401,10.7,89.599
236,0.726,209.822,156.458,243,-61.032,9.577,118.968
237,0.827,205.115,156.849,243,-60.983,10.966,119.017
238,0.703,176.533,144.633,229.853,36.501,9.33,36.501
239,0.737,204.441,160.308,243,-111.228,9.75,68.772
240,0.737,180.534,147.11,241.256,-124.056,9.763,55.944
241,0.613,205.414,158.023,243,-123.986,8.071,56.014
242,0.849,214.937,143.222,243,-60.35,11.219,119.65
243,0.984,212.075,156.155,243,-19.787,13.033,160.213
244,1.119,209.309,164.069,242.644,-79.824,14.83,100.176
245,0.63,204.464,134.778,242.624,-75.964,8.355,104.036
246,0.906,203.715,116.444,243,-15.255,12.02,164.745
247,0.962,203.007,140.369,242.413,-12.236,12.739,167.764
248,0.804,189.376,134.29,242.537,50.454,10.621,50.454
249,0.821,170.564,104.623,237.212,56.529,10.9,56.529
250,0.759,212.12,163.428,243,64.573,10.086,64.573
251,0.827,204.148,144.402,243,16.323,10.948,16.323
252,1.035,155.636,64.007,243,13.885,13.752,13.885
253,1.018,198.259,111.444,238.351,-25.71,13.485,154.29
254,1.057,207.803,158.334,243,-18.726,14.041,161.274
255,0.619,152.248,90.931,216.598,36.451,8.15,36.451
256,0.827,165.447,74.933,242.517,22.019,10.966,22.019
257,0.984,212.608,178.19,243,-141.546,13.017,38.454
258,0.945,189.249,135.377,241.973,-139.844,12.49,40.156
259,1.041,199.156,104.554,243,-92.49,13.811,87.51
260,0.9,183.91,127.728,241.873,-104.908,11.946,75.092
261,0.894,204.386,128.425,243,-30.778,11.859,149.222
262,0.844,144.806,54.111,224.96,-27.937,11.206,152.063
263,0.883,191.916,98,243,-29.836,11.734,150.164
264,1.108,222.457,176.947,243,-92.629,14.667,87.371
265,0.962,220.796,183.327,243,-89.663,12.75,90.337
266,0.984,192.373,131.88,243,-159.905,13.033,20.095
267,1.108,198.525,133.409,243,-159.992,14.678,20.008
268,0.917,219.761,194.282,242.12,-60.124,12.187,119.876
269,0.866,190.609,146.512,240.169,38.894,11.455,38.894
270,0.866,195.994,141.889,243,37.02,11.47,37.02
271,0.967,206.618,140.171,243,16.22,12.85,16.22
272,1.046,214.299,148.111,243,-66.353,13.88,113.647
273,0.962,205.045,147.788,242.671,-9.184,12.716,170.816
274,0.889,216.989,177.258,243,-10.305,11.789,169.695
275,0.782,190.585,135.942,228.565,0.83,10.351,0.83
276,0.804,230.008,215.628,243,-11.31,10.659,168.69
277,0.883,228.846,211.78,243,-26.565,11.695,153.435
278,1.069,225.709,196.481,243,-28.465,14.162,151.535
279,1.018,224.147,199.255,243,-21.564,13.509,158.436
280,0.799,218.671,147.995,243,-63.435,10.554,116.565
281,1.181,148.468,111.521,234.772,-6.038,15.687,173.962
282,1.001,204.116,60.286,243,-4.548,13.242,175.452
283,1.097,196.828,105.887,242.976,-8.589,14.567,171.411
284,1.237,130.882,94.899,194.475,-8.389,16.426,171.611
285,1.046,167.454,24.562,232.773,-90.924,13.901,89.076
286,1.384,172.431,9.143,229.082,54.951,18.408,54.951
287,1.035,154.946,25.53,241.115,32.735,13.744,32.735
288,1.187,147.45,119.437,235.605,34.523,15.783,34.523
289,0.793,224.14,130.952,242.357,94.086,10.527,94.086
290,0.996,205.288,104.999,243,-47.529,13.201,132.471
291,1.097,215.037,148.527,243,8.633,14.518,8.633
292,1.361,218.051,105.199,243,8.366,18.038,8.366
293,0.557,196.352,118.857,243,81.787,7.319,81.787
294,0.72,161.505,91.163,236.753,25.755,9.504,25.755
295,0.607,105.95,0,236.486,-50.332,7.99,129.668
296,1.108,127.065,0,233.286,45.621,14.674,45.621
297,0.973,123.906,90.998,232.767,-53.531,12.87,126.469
298,0.984,125.017,8.759,235.379,-37.528,13.051,142.472
299,0.979,89.815,51.584,219.065,-59.434,13,120.566
300,1.131,121.471,66.755,235.643,49.461,14.963,49.461
301,1.035,123.457,70.13,232.464,49.196,13.754,49.196
302,0.855,132.38,108.562,237.928,22.153,11.328,22.153
303,0.889,153.611,113.761,238.899,20.171,11.769,20.171
304,0.844,185.003,104.92,243,25.877,11.204,25.877
305,0.726,146.333,51.026,242.503,-4.022,9.622,175.978
306,0.771,132.308,76.143,241.971,44.109,10.219,44.109
307,0.742,109.232,69.119,221.521,47.167,9.801,47.167
308,0.861,113.733,32.444,237.909,32.645,11.401,32.645
309,0.99,165.275,0,239.055,70.017,13.144,70.017
310,0.939,197.468,147.501,242.028,71.675,12.444,71.675
311,0.956,139.892,108.632,232.269,70.392,12.7,70.392
312,0.906,137.327,118.947,239.816,70.998,12.001,70.998
313,0.709,147.606,98.692,238.808,-91.375,9.353,88.625
314,0.855,216.081,186.295,243,-90,11.35,90
315,0.855,75.145,53.418,180.937,73.589,11.36,73.589
316,0.928,125.122,55.78,218.802,71.565,12.317,71.565
317,0.928,195.794,80.48,243,71.565,12.317,71.565
318,1.153,138.167,74.088,240.964,-57.4,15.312,122.6
319,1.029,129.331,53.237,234.33,-63.153,13.618,116.847
320,1.164,94.249,50.002,217.806,-44.409,15.416,135.591
321,0.883,127.528,0,238.71,-37.747,11.722,142.253
322,1.159,207.728,160.972,243,-124.465,15.394,55.535
323,0.889,214.475,152.109,243,-67.042,11.765,112.958
324,1.018,217.574,155.682,243,161.565,13.487,161.565
325,1.125,188.645,98.72,242.388,-63.178,14.959,116.822
326,1.232,211.969,163.498,243,-66.836,16.374,113.164
327,0.714,216.485,127.245,243,-71.565,9.471,108.435
328,0.9,210.368,162.528,242.654,-70.419,11.893,109.581
329,1.266,198.523,133,243,-68.009,16.824,111.991
330,0.742,217.464,174.111,243,-72.962,9.789,107.038
331,0.917,194.453,137.889,243,-72.35,12.113,107.65
332,0.832,175.575,81.815,243,24.829,11.053,24.829
333,0.827,214.882,184.778,243,-43.616,10.964,136.384
334,1.018,217.636,195.33,241.924,-48.604,13.532,131.396
335,0.782,224.202,209.571,243,-43.819,10.326,136.181
336,0.827,214.958,184.556,243,-48.334,10.941,131.666
337,0.776,171.1,159.161,206,-54.219,10.282,125.781
338,1.153,221.782,200.111,243,-41.82,15.297,138.18
339,0.939,216.99,179.889,243,-54.302,12.462,125.698
340,0.776,150.083,128.437,219.905,-53.297,10.25,126.703
341,0.782,145.388,117.189,203.553,-69.59,10.346,110.41
342,0.759,152.011,137.224,180.096,-56.781,10.082,123.219
343,0.703,218.696,184.809,243,-68.199,9.266,111.801
344,0.703,187.886,159.675,230.545,-59.91,9.272,120.09
345,0.861,212.516,178.887,243,61.75,11.385,61.75
346,0.776,191.948,166.859,219.164,63.06,10.264,63.06
347,0.523,198.749,170.529,223.51,70.974,6.926,70.974
348,0.771,180.664,143.104,217.907,-37.208,10.21,142.792
349,0.591,185.941,145.401,240.512,-127.2,7.81,52.8
350,0.675,187.935,149.789,242.225,36.384,8.9,36.384
351,0.894,202.761,153.169,242.629,39.572,11.824,39.572
352,0.844,206.979,175.171,243,37.1,11.21,37.1
353,1.125,138.51,103.261,224.133,-7.518,14.928,172.482
354,1.086,162.924,111.125,234.778,25.233,14.427,25.233
355,0.973,200.005,144.951,241.852,30.449,12.863,30.449
356,0.793,164.116,153.071,176.333,-113.466,10.524,66.534
357,0.658,198.487,158.648,235.824,-113.714,8.732,66.286
358,0.962,220.176,188.667,243,-58.747,12.742,121.253
359,0.827,218.598,186.336,242.665,-59.913,10.952,120.087
360,0.9,210.771,158.445,243,86.401,11.924,86.401
361,0.99,156.049,114.423,238.002,89.023,13.152,89.023
362,0.945,199.972,135.161,242.83,1.715,12.555,1.715
363,0.889,220.076,186.587,243,-1.459,11.754,178.541
364,0.596,165.348,135.845,224.317,-2.182,7.906,177.818
365,0.883,207.361,139.222,243,-21.938,11.69,158.062
366,1.125,216.401,166.623,243,-24.372,14.926,155.628
367,0.726,190.343,140.33,238.999,76.938,9.605,76.938
368,0.596,218.807,169.672,242.759,73.98,7.912,73.98
369,0.956,200.086,115.489,243,-102.969,12.663,77.031
370,0.883,224.81,170.503,243,-106.348,11.724,73.652
371,1.102,197.799,137.099,243,20.384,14.648,20.384
372,1.052,207.535,163.593,243,22.029,13.974,22.029
373,0.967,195.561,138.368,243,42.861,12.808,42.861
374,0.636,201.386,134,243,41.76,8.429,41.76
375,0.681,152.216,68.133,240.222,43.983,8.981,43.983
376,0.624,119.92,62.413,232.549,-77.358,8.26,102.642
377,0.771,194.216,119.166,243,-57.24,10.208,122.76
378,0.911,132.402,72.026,206.448,29.435,12.069,29.435
379,0.838,201.949,137.45,243,18.068,11.1,18.068
380,1.074,214.977,98.667,243,4.538,14.246,4.538
381,0.652,148.26,109.892,212.782,-1.992,8.655,178.008
382,1.08,218.171,158.924,243,-6.307,14.34,173.693
383,0.917,174.014,101.148,243,-121.631,12.143,58.369
384,0.793,139.923,94.332,239.882,-114.747,10.515,65.253
385,1.007,175.277,130.882,243,-128.157,13.323,51.843
386,0.928,213.403,159.925,243,149.693,12.323,149.693
387,1.074,196.072,136.634,243,-43.29,14.256,136.71
388,0.934,205.494,114.111,243,164.867,12.384,164.867
389,0.996,210.82,141.067,243,-8.499,13.195,171.501
390,0.911,219.296,187.36,243,-111.934,12.089,68.066
391,0.979,198.485,170.166,241.449,-109.699,12.952,70.301
392,1.069,199.863,111.76,243,6.374,14.185,6.374
393,0.861,188.026,100.056,243,7.545,11.399,7.545
394,0.776,119.498,49.721,242.823,38.204,10.292,38.204
395,0.832,190.715,117.089,243,67.62,11.05,67.62
396,1.119,187.779,82.671,243,-151.366,14.856,28.634
397,1.136,203.035,149.628,243,36.529,15.08,36.529
398,0.883,202.339,154.859,242.441,-59.162,11.679,120.838
399,0.647,134.477,94.901,183.367,-60.068,8.577,119.932
400,0.877,214.845,134.488,243,-60.301,11.622,119.699
401,0.917,210.062,140,243,-57.095,12.176,122.905
402,0.838,207.72,81,242.671,-55.452,11.081,124.548
403,0.658,209.87,163.253,243,-41.878,8.711,138.122
404,1.136,204.206,91.343,238.409,23.499,15.048,23.499
405,1.254,216.644,174.603,243,-19.584,16.622,160.416
406,1.254,211.575,104.351,243,-20.225,16.673,159.775
407,1.074,218.05,134.621,243,71.279,14.215,71.279
408,1.029,201.717,58.043,243,65.973,13.657,65.973
409,0.883,204.271,90.346,243,48.122,11.722,48.122
410,1.074,170.986,0.402,243,32.771,14.258,32.771
411,1.007,160.059,0,218.913,34.226,13.314,34.226
412,0.911,182.307,60.297,241.525,45.757,12.092,45.757
413,1.119,218.444,123.669,243,-16.144,14.828,163.856
414,0.956,212.711,153.878,241.763,-8.797,12.701,171.203
415,1.029,217.679,84.947,243,-60.762,13.657,119.238
416,1.046,186.027,132.582,223.447,0.619,13.901,0.619
417,1.041,217.287,172.282,243,5.307,13.807,5.307
418,0.872,212.892,151.364,243,88.512,11.555,88.512
419,0.922,201.761,117.292,243,115.78,12.21,115.78
420,0.945,172.957,140.083,238.053,5.505,12.508,5.505
421,1.063,209.129,141.128,243,12.926,14.095,12.926
422,0.962,183.716,112.267,232,36.399,12.73,36.399
423,0.827,201.97,158.918,243,47.224,10.932,47.224
424,0.776,211.135,160.333,243,77.788,10.288,77.788
425,0.849,193.902,131.728,243,76.891,11.281,76.891
426,0.917,213.139,110.362,243,91.768,12.155,91.768
427,0.951,207.965,151.198,243,96.491,12.628,96.491
428,1.046,188.009,118.725,237.439,108.239,13.851,108.239
429,0.838,209.642,167.51,243,108.925,11.131,108.925
430,0.922,196.465,167.898,231.14,49.743,12.241,49.743
431,0.956,214.747,179.651,242.674,-59.621,12.64,120.379
432,0.804,217.74,189.667,241.882,-60.205,10.686,119.795
433,1.074,210.058,180.284,242.917,73.764,14.224,73.764
434,1.108,207.86,172.094,243,63.304,14.691,63.304
435,1.136,197.194,150.289,243,39.952,15.051,39.952
436,1.266,187.603,101.704,243,-124.971,16.77,55.029
437,1.305,190.75,114.171,243,-134.474,17.36,45.526
438,1.181,188.183,60.523,243,-131.135,15.696,48.865
439,0.686,208.317,82.202,243,108.285,9.076,108.285
440,1.125,182.977,0,243,11.65,14.905,11.65
441,1.339,202.188,147.477,243,-53.759,17.811,126.241
442,1.339,202.188,147.477,243,-53.759,17.811,126.241
443,0.967,142.137,52.231,243,75.801,12.794,75.801
444,1.339,216.038,156.476,243,-94.362,17.751,85.638
445,1.164,159.444,85.454,243,52.465,15.481,52.465
446,0.641,203.589,148.69,239.826,42.138,8.459,42.138
447,0.641,203.589,148.69,239.826,42.138,8.459,42.138
448,1.046,141.541,75.404,243,50.906,13.9,50.906
449,0.917,181.097,103.713,243,49.014,12.117,49.014
450,0.956,199.076,138.648,243,-90.341,12.65,89.659
451,0.951,199.058,138.437,243,-90.341,12.6,89.659
452,1.102,167.259,52.067,240.353,28.798,14.589,28.798
453,1.012,188.629,67.279,243,78.376,13.434,78.376
454,1.052,204.02,136.112,243,-26.152,13.931,153.848
455,0.844,203.385,115.558,243,-8.076,11.208,171.924
456,1.018,185.327,93.099,243,-61.287,13.472,118.713
457,0.804,204.612,124.878,243,-105.89,10.652,74.11
458,0.72,224.793,197.303,243,-79.574,9.552,100.426
459,0.934,181.016,80.958,242.514,-143.337,12.4,36.663
460,0.821,180.843,91.876,238.975,-130.213,10.858,49.787
461,1.001,197.837,122.634,243,-39.472,13.252,140.528
462,0.934,197.698,120.153,243,-134.021,12.376,45.979
463,0.877,202.93,73.985,243,97.4,11.597,97.4
464,1.029,167.457,105.031,243,-151.742,13.624,28.258
465,0.973,158.274,83.132,241.438,-136.65,12.874,43.35
466,1.018,174.823,63.392,243,-79.439,13.524,100.561
467,1.018,174.823,63.392,243,-79.439,13.524,100.561
468,0.922,207.614,118.413,243,-20.103,12.226,159.897
469,1.322,211.69,167.609,243,39.272,17.523,39.272
470,0.9,211.068,25.032,243,-32.388,11.915,147.612
471,0.844,165.187,34.304,243,5.02,11.145,5.02
472,0.883,191.883,90.087,241.774,-32.161,11.666,147.839
473,0.956,186.911,118.28,243,-45.719,12.658,134.281
474,0.709,196.028,120.737,243,-78.419,9.394,101.581
475,1.102,199.752,132.043,243,-16.026,14.622,163.974
476,0.956,114.795,38.259,241.73,36.529,12.65,36.529
477,1.097,187.379,88.31,243,-28.681,14.545,151.319
478,1.052,136.63,68.296,238.625,-145.109,13.939,34.891
479,0.906,197.454,121.733,243,-56.211,12.009,123.789
480,0.973,167.194,76.559,243,-53.531,12.87,126.469
481,1.041,204.397,112.166,243,-96.203,13.837,83.797
482,0.934,204.545,167.862,243,-75.292,12.394,104.708
483,1.209,222.582,183.511,243,-86.524,16.081,93.476
484,0.714,205.904,20.571,242.69,-93.633,9.472,86.367
485,0.624,210.654,125.69,242.25,104.797,8.258,104.797
486,0.742,224.976,192.333,243,97.883,9.843,97.883
487,0.799,186.725,63.902,243,22.557,10.539,22.557
488,0.692,176.018,74.262,242.674,7.533,9.129,7.533
489,0.951,176.513,70.492,243,-41.86,12.569,138.14
490,0.771,182.908,79.51,243,-38.134,10.214,141.866
491,0.703,180.491,80.479,243,-108.726,9.329,71.274
492,0.844,160.284,52.043,243,47.442,11.183,47.442
493,0.928,200.918,127.036,243,-126.31,12.3,53.69
494,0.81,172.414,81.064,243,-38.472,10.745,141.528
495,0.709,184.756,104.285,243,-19.16,9.377,160.84
496,0.748,218.865,195.222,241.707,-40.98,9.887,139.02
497,0.264,217.233,196.141,240.382,-32.661,3.467,147.339
498,0.771,186.132,154.716,222.19,-118.072,10.2,61.928
499,0.731,193.176,124.374,243,-142.864,9.67,37.136
500,0.776,155.901,83.83,240.635,-28.443,10.247,151.557
501,0.714,201.469,102.81,243,-4.574,9.426,175.426
502,1.198,232.846,218.976,242.87,-73.275,15.866,106.725
503,0.647,188.069,96.932,243,-13.791,8.549,166.209
504,0.776,164.622,83.98,242.544,14.744,10.284,14.744
505,0.585,173.241,106.956,242.714,-54.462,7.742,125.538
506,0.703,212.002,158.688,243,15.499,9.279,15.499
507,0.793,175.768,114.171,243,65.996,10.499,65.996
508,0.641,208.725,0,243,-48.958,8.471,131.042
509,0.692,188.937,121.814,234.878,20.666,9.129,20.666
510,0.534,197.71,146.482,243,-0.61,7.051,179.39
511,0.967,203.972,166.674,229.455,-102.165,12.788,77.835
512,0.866,202.972,194.356,241.559,-85.861,11.478,94.139
513,0.906,157.223,0,213.642,-99.697,12.026,80.303
514,1.069,170.675,1.016,211.131,-53.616,14.161,126.384
515,0.467,173.196,138.498,209.723,37.569,6.131,37.569
516,1.131,196.105,64,228.237,-89.714,15,90.286
517,1.001,161.584,98.981,240.183,56.759,13.285,56.759
518,1.142,177.727,155.422,243,-65.98,15.154,114.02
519,0.709,190.066,174.919,243,-38.517,9.394,141.483
520,0.602,172.606,131.601,236.199,15.35,7.946,15.35
521,0.765,147.025,99.477,233.951,-93.391,10.118,86.609
522,0.585,173.715,124.78,241.886,23.051,7.708,23.051
523,0.765,155.239,117.831,235.146,4.268,10.132,4.268
524,0.737,219.534,186.834,241.863,39.693,9.763,39.693
525,0.821,195.287,142.823,242.156,36.317,10.87,36.317
526,1.018,152.764,59.3,239.089,-69.258,13.53,110.742
527,0.585,178.507,0,238.5,28.566,7.698,28.566
528,0.484,208.084,53.259,243,-98.13,6.371,81.87
529,0.855,200.168,121.569,243,-12.2,11.356,167.8
530,0.939,177.369,88.429,243,104.954,12.468,104.954
531,0.793,202.955,127.612,243,142.556,10.49,142.556
532,0.658,206.296,127.63,243,147.943,8.713,147.943
533,0.951,200.19,106.396,243,120.672,12.622,120.672
534,0.821,207.591,148.509,243,-153.789,10.912,26.211
535,0.821,197.062,113.933,243,-49.741,10.858,130.259
536,0.81,158.666,0,243,-45.282,10.748,134.718
537,1.097,183.741,64.43,243,11.889,14.562,11.889
538,0.844,210.513,125.958,242.771,9.652,11.163,9.652
539,0.945,159.219,94.017,241.482,82.451,12.559,82.451
540,0.962,213.051,171.874,243,-50.021,12.724,129.979
541,0.922,202.705,137.007,243,60.124,12.196,60.124
542,0.832,196.107,130.198,243,31.633,11.011,31.633
543,1.001,202.497,138.649,243,69.823,13.264,69.823
544,1.086,192.385,114.799,243,44.366,14.373,44.366
545,1.237,199.415,106.505,243,-98.686,16.388,81.314
546,1.119,213.497,158.65,243,-96.659,14.875,83.341
547,0.883,211.042,135.65,243,-67.042,11.729,112.958
548,0.793,186.711,133.444,243,-40.956,10.527,139.044
549,1.086,124.05,49.542,243,106.356,14.382,106.356
550,1.108,119.615,58.796,243,-88.247,14.707,91.753
551,1.327,213.703,121.454,243,-19.67,17.602,160.33
552,1.243,208.497,143.214,243,104.982,16.537,104.982
553,0.939,201.302,133.994,243,134.756,12.463,134.756
554,1.024,205.812,138.235,243,11.497,13.547,11.497
555,0.996,126.308,61.946,243,31.522,13.197,31.522
556,0.821,160.938,83,232.334,70.186,10.842,70.186
557,1.513,164.102,143.908,240.582,-19.654,20.069,160.346
558,0.832,117.057,56.178,243,-65.007,11.006,114.993
559,0.726,99.359,53.462,227.528,-14.036,9.58,165.964
560,1.232,209.047,139.208,243,-107.855,16.382,72.145
561,1.237,174.993,63.198,243,37.6,16.401,37.6
562,1.119,203.542,109.596,243,-26.435,14.848,153.565
563,1.344,201.359,143.554,243,-2.899,17.823,177.101
564,1.496,209.43,126.937,243,-17.819,19.86,162.181
565,1.462,207.509,150.412,243,-18.925,19.449,161.075
566,1.086,196.83,81,243,99.61,14.401,99.61
567,1.378,212.102,156.166,243,0.704,18.301,0.704
568,1.356,190.485,82.92,243,-5.734,17.99,174.266
569,1.198,214.786,155.667,243,1.081,15.903,1.081
570,1.176,200.908,191.81,242.579,49.1,15.597,49.1
571,1.496,211.046,145.576,243,19.872,19.864,19.872
572,1.249,133.909,52.62,239.302,42.987,16.556,42.987
573,1.266,185.353,62.349,243,-89.488,16.8,90.512
574,1.074,223.838,163.543,243,23.871,14.271,23.871
575,0.917,104.085,17,227.362,-34.963,12.172,145.037
576,0.962,115.536,58.671,222.661,-29.284,12.726,150.716
577,1.069,163.508,75,241.876,-19.104,14.208,160.896
578,0.686,153.759,76.711,223.097,32.905,9.112,32.905
579,0.72,84.336,48.781,194.086,-12.284,9.513,167.716
580,0.759,101.233,57.279,237.309,-37.988,10.042,142.012
581,0.669,96.076,45.179,206.405,-29.384,8.819,150.616
582,0.866,112.856,0,225.069,-45.531,11.456,134.469
583,1.159,123.591,0,242.705,34.077,15.338,34.077
584,1.485,106.117,56.455,231.8,-2.186,19.712,177.814
585,0.765,144.138,84.479,229.629,-60.781,10.121,119.219
586,1.041,94.762,48.064,219.99,-71.959,13.788,108.041
587,1.108,116.882,42.878,240.786,48.537,14.666,48.537
588,1.102,117.431,42.063,239.993,48.342,14.591,48.342
589,0.922,155.316,26.466,230.964,142.431,12.261,142.431
590,1.187,161.927,106.481,233.133,-6.551,15.778,173.449
591,0.804,129.287,30.056,234.706,53.616,10.62,53.616
592,0.686,129.691,54.397,220.111,81.399,9.059,81.399
593,0.568,204.447,118.235,242.744,-100.305,7.522,79.695
594,0.787,193.516,82.386,242.241,-123.232,10.401,56.768
595,0.742,175.246,80.954,241.595,-70.731,9.788,109.269
596,0.658,171.411,73.799,243,47.793,8.674,47.793
597,0.838,198.189,76.938,243,4.667,11.083,4.667
598,0.737,214.309,156.5,243,-77.998,9.768,102.002
599,0.484,211.364,159.77,243,-84.623,6.378,95.377
600,0.304,204.107,139.365,243,131.186,3.965,131.186
